-2.169336714743305000e-02,9.547128049422108631e-02,-1.851107943368258124e-01,-1.887050875713161546e-01,-4.561493781573557060e-02
8.371599778403512881e-02,-2.183914400773508124e-01,1.658897453849801362e-01,-5.041148643495091917e-03,4.153634923819809338e-02
-2.246992161792549514e-01,-3.852051063518902724e-02,-5.036502280636689921e-02,7.290966707388552015e-02,4.023743683270502441e-02
4.130457212333675521e-03,-1.799215608165489200e-01,1.604300189578143354e-01,9.582506507322563483e-02,-1.761508805826410284e-01
-1.452423277665804147e-01,-1.990781794721329934e-01,2.495890793122054752e-02,-2.155930162303559550e-01,2.437787232181294617e-02
-5.136942974499131287e-02,1.391428385721673322e-01,6.497197086541105226e-02,-9.601798170746168870e-03,-1.285490441031088560e-01
-3.157368592461355372e-01,6.601377748660099132e-02,-2.057654108242125135e-01,-5.437125554575256148e-02,-1.202913317827318251e-01
-1.121573556022478907e-01,3.992025053437543991e-01,2.150018970728694717e-02,-1.559856159690956590e-01,-2.126848448151505977e-01
-1.894915679674517295e-01,5.003848088830956664e-01,-2.183951199489631359e-02,-2.683886368710602932e-01,-3.011212959294674030e-01
-1.614793936245180472e-01,-1.720281514832672221e-02,-6.714636345436222897e-02,6.200561803590207838e-02,-1.839073478503096548e-01
-5.533661702441131092e-02,-4.903983994394269658e-02,-2.038732597673386104e-01,1.320877511573978480e-01,2.094681650275684870e-01
-4.814703054609297678e-02,7.958005418313442159e-02,-5.078631988129229946e-02,-7.569915977924576711e-02,2.244167855560791694e-02
-2.763160497694358009e-01,7.413154552210507280e-03,-2.036611895551623808e-02,-1.169644087274022692e-01,3.152311020845084688e-02
-4.906308188226430472e-02,9.728117986174734944e-02,-7.703727808219253126e-02,3.911748580689678595e-02,-1.147462846958924136e-02
-3.914894713905268941e-02,-1.834365340805856615e-01,8.478285928368584079e-02,-1.205797099276315620e-01,-1.968896817768197444e-02
-1.765124177434166108e-01,5.565888306395888607e-02,-1.751377343239144402e-01,-6.454652577497012322e-02,-3.751416728572709580e-02
-8.155860295662825665e-02,7.813417556462948221e-02,-1.286705858465539420e-01,1.951974544892252361e-01,-7.394334826743004241e-02
-6.248766562158174914e-02,4.258330103945930090e-02,-6.456043550932891173e-02,-9.374723681748739490e-02,-1.496296260572302084e-01
-4.995776754278531684e-02,6.160628295572265212e-02,-8.532612286490308395e-02,2.781999871456329598e-02,1.807845401748680025e-01
-2.668492307558393839e-01,1.092448398260409542e-01,-1.278792126486086034e-01,-1.261855054317971569e-01,-1.261588567219911090e-02
3.006468131348234984e-01,-5.112999041002275202e-01,6.231131808640049119e-01,-8.636280995114535564e-02,-3.786873815888132100e-01
-1.068430995444929858e-02,-1.030003976293112217e-01,1.707260251250687644e-02,-1.499372064249203662e-01,-8.452443396059977632e-02
-1.922031638947305776e-01,-1.464639722526095422e-01,-2.396610185531708459e-02,-2.077200630223428879e-01,2.753524596334647537e-02
-2.722653360017336932e-01,2.063984054275282143e-02,9.643637560672921327e-02,1.347924028163205099e-02,2.456350331100211060e-01
-1.125354753127252583e-01,-7.879664629935459463e-02,1.771762824695815586e-01,-8.956163128412074348e-02,2.085963319649103698e-01
-7.585076244507653331e-02,6.240744087322710465e-01,1.418624769097863447e-02,-1.497365625842687342e-01,-2.558899465055152755e-01
-5.440514640078155002e-03,9.097319153971269307e-03,5.203066406209305717e-02,-7.497646854255346494e-02,-6.755632061597462157e-02
2.195679962729587265e-01,-2.134282150931712807e-02,-1.926853056794530783e-01,5.105948801153516875e-02,1.873967727879578549e-01
-6.201887738274246276e-02,-1.151045099650102738e-01,2.970439436746271158e-02,-4.055499191691087912e-02,-5.345711670433464513e-02
-9.928851223771004153e-02,-1.188084810150006748e-01,-7.353249955351384703e-02,-6.831364386202427863e-02,7.752320696284510648e-02
1.569498988521143001e-01,6.802353185029989813e-02,-8.090900742173225135e-02,1.744045342640747620e-01,9.468474548396020596e-02
-1.336158129870831379e-01,1.406690623773358129e-01,-1.272986255096027752e-01,-2.043192334432391011e-01,-1.498830632085773051e-01
-8.660218998278591818e-02,7.919995038572467949e-02,-2.130535118911851614e-02,-1.191160274251099604e-01,-5.741242778375578448e-02
-4.542066720108060146e-02,1.742836279916959163e-01,8.532882095550432464e-03,-1.652494091140288279e-01,9.885288976309579423e-02
-6.716129222693452416e-02,2.628467562330567553e-01,-1.156823891019997386e-01,-1.774655623292988593e-01,8.976531257408587594e-02
-7.057823703704460550e-02,-2.522010649499448198e-01,6.272626480055339127e-02,-5.870881608493562498e-02,2.374871139190449024e-02
-2.459665238790493813e-01,1.016047319432051947e-02,1.084799297067994828e-01,-4.071088735517908869e-02,1.392305197912089565e-01
-1.954367651714583876e-01,2.254244188411563821e-01,8.005510346526623078e-02,5.331327229184355809e-02,-4.073611823315215208e-02
-6.939972733614695188e-02,-1.551651123777844365e-01,1.254510820781393754e-01,1.684985964182278140e-01,1.798209891733635046e-01
7.532950163256223186e-02,-1.640813598442605881e-01,-3.948493747727879755e-02,-4.979574565191691692e-03,-6.659747485878829421e-02
2.407673837267589045e-02,5.677244713596976688e-02,2.033334275503245400e-02,-5.845021789055857703e-02,1.647311732583755794e-01
8.631312817063510612e-02,-7.981003497937755667e-03,-5.904908950707726811e-02,-7.648841812283757591e-02,-1.305029607699671468e-01
-1.953969021192300537e-01,8.027681597109050105e-02,-3.695185533007957351e-02,-1.340200422801071378e-01,4.452389928998496359e-03
5.481376799347931206e-02,-2.140910170813001834e-01,-1.007180539839928543e-02,1.204746866179875336e-02,-4.118692999991004078e-02
-1.114154640042642058e-01,-1.361884551531558629e-01,2.056938470811543740e-01,-6.041761659368103526e-02,1.328825365237983891e-01
-1.791529653073913389e-02,-1.045957479314933158e-01,-4.243950794289293865e-03,-1.560626457519209975e-01,1.555141059162785389e-01
-3.168320351779181365e-01,2.848205923286290520e-01,8.367376741027560128e-02,8.726049879724670499e-02,1.366664168509677257e-01
2.656616063446657836e-02,1.875912599830772964e-01,-2.256728164053439234e-01,1.830095081239519611e-02,-1.151222130661981452e-01
9.151707698853354944e-02,1.894947809608450370e-02,-6.556076082222616827e-03,-1.301509022269933813e-01,-2.409870897306156945e-01
3.961319820958093818e-02,5.278181411988096955e-02,1.616132964033366315e-01,-5.474641720635443909e-02,-9.058557383402919549e-02
-2.046784357676713351e-01,7.329124419072589880e-02,1.573339955637393511e-02,-6.876446464899547972e-02,1.243808343321925192e-01
-8.871317927922053870e-02,5.321729179152609717e-04,-2.055974537813548830e-01,-5.952056102234568741e-02,-5.608478050911100410e-02
-5.427823977138386720e-03,1.458364840458678535e-01,3.029332041650689353e-02,8.552739588823404793e-02,-1.679106503660867944e-01
-4.929537070912438229e-02,-7.804355444214056137e-02,8.054532316934083502e-02,-1.997037901189548936e-01,2.232652864679319227e-01
-1.338558307145701169e-02,1.442493070140606903e-01,2.232824851697797625e-02,4.263331821286919787e-02,-9.170020836585744684e-02
8.622715179299454691e-02,1.988423148718474198e-01,-2.155404278752792724e-01,-2.158468362168452781e-01,2.866318384640644257e-01
1.057030272670699544e-01,-9.280349865275226706e-02,-1.134473105213072014e-01,1.053762164746562535e-01,-2.626643430806230653e-02
-4.041933972978035104e-03,-2.062269124287333805e-02,1.436332749279385645e-01,-1.970410765796968000e-01,9.054966973273777253e-02
1.386975290113214021e-01,1.937032566024943225e-01,1.186564178451347262e-01,9.912330741172460657e-02,-6.934363475436131248e-03
1.253726676157902176e-01,-2.048637298821848890e-02,4.453801900206730974e-02,-1.740946840296344333e-01,1.118500746439645560e-01
-1.139571465482080159e-01,-2.659405402072326785e-01,3.508391640236759035e-02,-3.701889712192928117e-02,9.519111858730730513e-02
-1.351118005396244326e-01,3.517170469758633400e-02,9.663229007351449573e-02,1.484011463488151827e-01,-1.241217516787731373e-01
-4.967145314992647137e-02,4.625728009273722963e-01,1.924157105819748470e-01,-4.023486030548818065e-02,6.780557539628863373e-02
-1.732453711847776190e-01,-4.634930399201393769e-02,6.964019155811775053e-02,6.101741949934362530e-02,-1.701302708456266591e-02
-1.631962237479120947e-01,-1.035854251736379739e-01,1.262233225474534148e-01,-2.195995451132947696e-01,6.439291016563002401e-01
-6.365940766024589734e-03,1.460128696652891571e-02,-2.197590557039857256e-02,1.423090420067537054e-01,1.310526586157093054e-01
-6.221980439252921581e-03,6.210872095027026446e-02,2.985233052121455052e-02,-1.414254131907255740e-01,3.696186879074599141e-02
-1.923842434232531443e-02,-1.058475007924131739e-01,2.346063167203735478e-01,2.703814322786431967e-01,5.456517760894401443e-03
2.188553529679884702e-01,1.705207993976467357e-02,-1.319893250432247478e-01,-1.195169287625827831e-01,-1.455026817731084332e-01
-1.878048601810203277e-02,1.269505742129922905e-02,7.223971354916836063e-02,-1.443044585321081597e-01,-2.785413773177376068e-02
7.277710979191717722e-02,1.925682277328158998e-01,-6.311599204482358505e-02,1.511378817978770162e-01,1.283385921216275982e-01
-2.908702966380199428e-01,-5.482805945467942449e-02,8.601706699188942096e-02,-5.828342970090428371e-02,2.463071565349402858e-01
-1.880227264190008005e-02,-5.624584620656491313e-02,-4.080113247307571439e-02,2.135540702024430748e-01,-9.588195762946459533e-02
-7.268171244071280901e-02,3.073887960252213222e-03,6.189535300981954813e-02,-1.184415576658393310e-01,1.954880819468820530e-01
7.134775162194442223e-03,-2.310244802444357259e-01,4.835004715236148470e-02,-9.585956795263053665e-02,1.970061204080558181e-01
1.111943252704013091e-01,-5.567285242023844311e-02,-2.607025666566269162e-02,1.620074835161767202e-01,-4.299908820135454196e-02
-2.567874952934481869e-02,-6.041726046403121664e-02,1.319045268907448609e-01,1.721526981078012053e-01,-6.649133958193581551e-02
-7.291398124869900854e-02,9.326445160558977099e-02,2.856459792857308777e-01,1.559193551863536920e-01,3.044226420228222929e-02
9.794165403234149359e-02,-8.439458983760587951e-02,4.792391564709085755e-02,3.156816489180443441e-01,1.617794966278152391e-01
6.528467099933731033e-02,-2.945076865287558909e-02,2.566557031532771260e-01,1.892309443341915198e-01,2.070683283308049349e-01
1.227765016807572385e-01,-1.215055199783951906e-01,-1.174504923235218795e-01,4.935864829581994989e-02,-6.633389579264413298e-03
-1.188827405432420770e-01,-2.124552293800565650e-01,-1.201634899676586321e-01,-1.939107263055890040e-01,5.352583613128241574e-02
1.416839023059127678e-01,-1.477849288356453961e-01,-6.198804125674956152e-03,2.435163096209286837e-01,-8.101636678435553129e-02
-3.960674906578273147e-01,-1.947539631809646135e-02,4.462433020461066269e-01,4.257086340871460983e-01,-5.413651148941970442e-02
2.627125936446663909e-02,-1.767126536064326792e-01,-6.880100933498410620e-02,-1.821414852524524865e-03,-3.111863931830899030e-02
2.615900146157740594e-02,-5.668171574663403295e-03,-3.302035971713793150e-02,-1.196103731729204478e-01,-9.051037011072110561e-02
1.685155999121151771e-01,-4.210916795127445794e-02,-2.017910745272753770e-01,-6.472869879880555066e-02,1.848851603846224205e-03
-8.677995983613497055e-02,3.443979991973916688e-01,-1.365071186083993138e-01,-8.002355073009506659e-02,7.006957365730556719e-02
-9.827498105661965078e-02,2.844342182907370620e-01,-6.064112468824563867e-02,-1.553557068186086354e-01,-1.578616927163950800e-01
-1.090110955673840032e-01,5.131973066353769097e-02,1.249277188200780681e-02,-8.686168469143618065e-02,-1.428980442864329903e-01
8.909784595752090475e-02,-1.096571455984962362e-01,-3.945526479043241774e-02,-1.158671507764230391e-01,1.840560227161519222e-02
-1.006058297143079538e-01,1.420331119033453882e-01,4.912994596450399182e-02,-5.981617857936859239e-02,-7.343465300881646396e-03
5.742911975073260455e-01,-5.387986865133142372e-02,-2.714508442828472146e-01,-9.699333458408893049e-02,-2.145107502741974426e-01
-7.723856040771574782e-03,1.421013033411041779e-02,1.107170012966992578e-01,-2.566646450939384649e-02,1.448893835042174838e-01
3.927788583274997858e-02,-3.053514130749105937e-01,5.938647053376287788e-02,-5.306989846883488487e-02,-1.142797352149844542e-01
1.330640776420079219e-02,1.240645349833964795e-01,1.371843321449857933e-01,3.040408310224779892e-02,-4.890231886686949997e-02
-5.463775581080454469e-02,1.534197550796380649e-01,2.078119775158180360e-01,-4.143234656368889601e-02,8.325511541126291715e-02
-1.348573815549622412e-01,5.610148091222733058e-02,1.777944257943266798e-02,-6.518352533023537287e-02,2.499339110971815492e-02
-4.290332047965526169e-02,-5.237160516065098026e-02,-3.675073230729310886e-02,1.863218855202064539e-02,-2.818672779998404043e-01
-5.485840124448982530e-02,-1.389504883890461777e-02,1.829400147975586421e-01,1.603715283787606749e-01,-1.368468193420284140e-01
-6.564314077862054564e-02,6.765496620230172786e-02,1.456081879643403854e-01,-2.242152778425235693e-01,2.553480590875829015e-01
-1.115529466697115640e-01,9.137800373494174566e-02,8.842583013680611892e-02,-1.152092897302569967e-02,-1.034346452669145239e-01
-4.144975812922144925e-02,7.116426457402795502e-02,6.753944057957708691e-02,-4.358193733195933617e-02,-1.449776161270365793e-01
2.614823389100704998e-01,7.913923489716361004e-02,-4.581313720558002900e-02,-1.056012663199630830e-01,4.760948621674138820e-02
-6.581449033281176753e-02,-4.809562300411177049e-02,1.338182295498162033e-01,-3.110331006515900699e-03,-3.122942087003112693e-03
-4.777850832757921801e-02,1.102934652832882403e-02,1.627717475361510902e-01,1.939273886182115436e-01,5.243523874303132604e-02
4.199652301007535116e-02,-1.270984151639783233e-01,4.096798061295726240e-02,-3.949232924728020289e-02,-6.577798392205343181e-02
-2.201127121443279544e-01,3.298634576948329764e-03,2.870765454691460716e-01,9.753092516690123337e-02,2.043796565842072050e-03
-1.091091519277052613e-01,-3.037683437599693614e-01,-6.808473359205083342e-02,5.982262642972888816e-02,5.412649461679056723e-02
-1.786621221579584237e-02,-7.754321948191064684e-02,3.538257819671126320e-02,-1.617691539375649412e-01,-2.939152673970032437e-01
-8.630568564481592986e-02,1.194232525555954157e-03,2.916860402016122067e-01,-1.380934633711819182e-01,-1.358115507502207497e-01
1.802933009254872182e-02,-1.215776689735152266e-01,1.417559511512725690e-01,1.457034995776166353e-01,4.098136642766776055e-02
8.307777751784045650e-02,-3.012402218798894138e-01,-1.218369034272575452e-01,-9.167409295410886005e-02,2.810150794762688031e-01
1.496782469231232038e-01,-6.612756296963891167e-02,-4.930992829745085154e-02,2.771138105312925815e-01,-2.026995171994199763e-01
-8.305028726267570105e-02,-9.907126346712739895e-02,-2.046157794518133621e-01,-3.089717718550928915e-01,8.006590159821819902e-03
-5.047549175846481606e-02,2.577832530344795550e-02,8.950560531520100616e-02,-6.247665014054111510e-02,7.728079054742095777e-02
-2.298416697291845445e-02,-7.557224285566253863e-02,3.805142132720857923e-04,3.040751645891901986e-02,1.253032035480053097e-01
4.213928418095751888e-02,-2.067829318189218224e-01,-7.508128798626260980e-02,2.867602540153139090e-01,-2.566637320922120491e-01
-1.230357849528497249e-01,-1.156979395135613597e-01,-2.934352658458448324e-02,-2.372650421851591196e-01,-9.258984502943075345e-02
1.027857186544455653e-01,2.794062102467315817e-02,-1.638812648856205756e-01,1.130409974721541810e-01,2.969292458184263350e-01
-1.161675132036674027e-04,-1.092491384009950384e-01,-7.618613207234452289e-02,7.112088161480201176e-02,9.287252194797046556e-02
-7.148406533634600601e-02,7.575500787365679889e-02,8.778811402624621396e-02,-2.489929540939391298e-02,-7.699483934274559127e-02
-8.166622047573005028e-02,1.192122345832163782e-01,-8.733857008201076355e-02,3.430719324912465812e-02,-4.848247083554277359e-02
1.552414469309039702e-01,7.954900935875341972e-02,-8.329492940296073789e-02,1.075241509915283722e-01,1.288376947805341677e-01
1.024586405757439284e-01,-2.201995424748892649e-01,-4.142207793218766892e-03,4.067676145949491312e-02,2.743705544829445550e-02
7.131598929545591992e-02,3.329168431075495843e-02,-1.596408299978598067e-01,1.733845552905733112e-01,-2.369378343428516498e-01
-9.018812422482223867e-02,-2.948140511209925915e-02,-4.751632347266938894e-02,-8.758970132033393197e-02,-1.622673578838148001e-01
-2.018527423460607373e-01,5.694834121556582168e-02,1.422929999373459264e-01,8.712487308871104397e-02,2.531416061242059978e-01
